algorithm,base_text,growing_text,base_text_size,growing_text_size,time,space
memo,a_story_of_a_little_pet_bear,gift_of_the_magi,1000,1000,656508004,222789632
dp,a_story_of_a_little_pet_bear,gift_of_the_magi,1000,1000,22147446,6262784
dpopt,a_story_of_a_little_pet_bear,gift_of_the_magi,1000,1000,15172081,3203072
memo,a_story_of_a_little_pet_bear,gift_of_the_magi,1000,1000,657538788,222928896
dp,a_story_of_a_little_pet_bear,gift_of_the_magi,1000,1000,21995069,6262784
dpopt,a_story_of_a_little_pet_bear,gift_of_the_magi,1000,1000,15238225,3203072
memo,a_story_of_a_little_pet_bear,gift_of_the_magi,1000,1000,642191889,222928896
dp,a_story_of_a_little_pet_bear,gift_of_the_magi,1000,1000,22158825,6262784
dpopt,a_story_of_a_little_pet_bear,gift_of_the_magi,1000,1000,15387383,3203072
memo,a_story_of_a_little_pet_bear,gift_of_the_magi,1000,1000,647333413,222912512
dp,a_story_of_a_little_pet_bear,gift_of_the_magi,1000,1000,21912922,6262784
dpopt,a_story_of_a_little_pet_bear,gift_of_the_magi,1000,1000,15077391,3203072
memo,a_story_of_a_little_pet_bear,gift_of_the_magi,1000,1000,640617107,222908416
dp,a_story_of_a_little_pet_bear,gift_of_the_magi,1000,1000,22068627,6262784
dpopt,a_story_of_a_little_pet_bear,gift_of_the_magi,1000,1000,15215903,3203072
memo,a_story_of_a_little_pet_bear,gift_of_the_magi,1000,1000,642046049,222924800
dp,a_story_of_a_little_pet_bear,gift_of_the_magi,1000,1000,22124992,6262784
dpopt,a_story_of_a_little_pet_bear,gift_of_the_magi,1000,1000,15282701,3203072
memo,a_story_of_a_little_pet_bear,gift_of_the_magi,1000,1000,645896027,222937088
dp,a_story_of_a_little_pet_bear,gift_of_the_magi,1000,1000,22064924,6262784
dpopt,a_story_of_a_little_pet_bear,gift_of_the_magi,1000,1000,15720055,3203072
memo,a_story_of_a_little_pet_bear,gift_of_the_magi,1000,1000,645866491,222928896
dp,a_story_of_a_little_pet_bear,gift_of_the_magi,1000,1000,21997746,6262784
dpopt,a_story_of_a_little_pet_bear,gift_of_the_magi,1000,1000,15194454,3203072
memo,a_story_of_a_little_pet_bear,gift_of_the_magi,1000,1000,644450075,222932992
dp,a_story_of_a_little_pet_bear,gift_of_the_magi,1000,1000,21869812,6262784
dpopt,a_story_of_a_little_pet_bear,gift_of_the_magi,1000,1000,15197211,3203072
memo,a_story_of_a_little_pet_bear,gift_of_the_magi,1000,1000,644848189,222924800
dp,a_story_of_a_little_pet_bear,gift_of_the_magi,1000,1000,22157793,6262784
dpopt,a_story_of_a_little_pet_bear,gift_of_the_magi,1000,1000,15291720,3203072
memo,a_story_of_a_little_pet_bear,gift_of_the_magi,1000,1000,649494217,222932992
dp,a_story_of_a_little_pet_bear,gift_of_the_magi,1000,1000,22024792,6262784
dpopt,a_story_of_a_little_pet_bear,gift_of_the_magi,1000,1000,15066963,3203072
memo,a_story_of_a_little_pet_bear,gift_of_the_magi,1000,1000,646123369,222937088
dp,a_story_of_a_little_pet_bear,gift_of_the_magi,1000,1000,22079577,6262784
dpopt,a_story_of_a_little_pet_bear,gift_of_the_magi,1000,1000,15216079,3203072
memo,a_story_of_a_little_pet_bear,gift_of_the_magi,1000,1000,640653258,222932992
dp,a_story_of_a_little_pet_bear,gift_of_the_magi,1000,1000,22295675,6262784
dpopt,a_story_of_a_little_pet_bear,gift_of_the_magi,1000,1000,15327863,3203072
memo,a_story_of_a_little_pet_bear,gift_of_the_magi,1000,1000,641216563,222928896
dp,a_story_of_a_little_pet_bear,gift_of_the_magi,1000,1000,21998574,6262784
dpopt,a_story_of_a_little_pet_bear,gift_of_the_magi,1000,1000,15610453,3203072
memo,a_story_of_a_little_pet_bear,gift_of_the_magi,1000,1000,645615014,222937088
dp,a_story_of_a_little_pet_bear,gift_of_the_magi,1000,1000,22052956,6262784
dpopt,a_story_of_a_little_pet_bear,gift_of_the_magi,1000,1000,15238072,3203072
memo,a_story_of_a_little_pet_bear,gift_of_the_magi,1000,1000,644152128,222920704
dp,a_story_of_a_little_pet_bear,gift_of_the_magi,1000,1000,22228022,6262784
dpopt,a_story_of_a_little_pet_bear,gift_of_the_magi,1000,1000,15406049,3203072
memo,a_story_of_a_little_pet_bear,gift_of_the_magi,1000,1000,639620383,222941184
dp,a_story_of_a_little_pet_bear,gift_of_the_magi,1000,1000,22128622,6262784
dpopt,a_story_of_a_little_pet_bear,gift_of_the_magi,1000,1000,15235209,3203072
memo,a_story_of_a_little_pet_bear,gift_of_the_magi,1000,1000,643045771,222937088
dp,a_story_of_a_little_pet_bear,gift_of_the_magi,1000,1000,21957484,6262784
dpopt,a_story_of_a_little_pet_bear,gift_of_the_magi,1000,1000,15260250,3203072
memo,a_story_of_a_little_pet_bear,gift_of_the_magi,1000,1000,642808396,222937088
dp,a_story_of_a_little_pet_bear,gift_of_the_magi,1000,1000,21947991,6262784
dpopt,a_story_of_a_little_pet_bear,gift_of_the_magi,1000,1000,15109710,3203072
memo,a_story_of_a_little_pet_bear,gift_of_the_magi,1000,1000,638334365,222937088
dp,a_story_of_a_little_pet_bear,gift_of_the_magi,1000,1000,22040756,6262784
dpopt,a_story_of_a_little_pet_bear,gift_of_the_magi,1000,1000,15225801,3203072
memo,a_story_of_a_little_pet_bear,gift_of_the_magi,1000,1000,637429260,222937088
dp,a_story_of_a_little_pet_bear,gift_of_the_magi,1000,1000,22028158,6262784
dpopt,a_story_of_a_little_pet_bear,gift_of_the_magi,1000,1000,15087910,3203072
memo,a_story_of_a_little_pet_bear,gift_of_the_magi,1000,1000,641639015,222932992
dp,a_story_of_a_little_pet_bear,gift_of_the_magi,1000,1000,22085044,6262784
dpopt,a_story_of_a_little_pet_bear,gift_of_the_magi,1000,1000,15396713,3203072
memo,a_story_of_a_little_pet_bear,gift_of_the_magi,1000,1000,642315912,222957568
dp,a_story_of_a_little_pet_bear,gift_of_the_magi,1000,1000,22055110,6262784
dpopt,a_story_of_a_little_pet_bear,gift_of_the_magi,1000,1000,15331041,3203072
memo,a_story_of_a_little_pet_bear,gift_of_the_magi,1000,1000,641857405,222949376
dp,a_story_of_a_little_pet_bear,gift_of_the_magi,1000,1000,22091029,6262784
dpopt,a_story_of_a_little_pet_bear,gift_of_the_magi,1000,1000,16255813,3203072
memo,a_story_of_a_little_pet_bear,gift_of_the_magi,1000,1000,639731115,222949376
dp,a_story_of_a_little_pet_bear,gift_of_the_magi,1000,1000,21995474,6262784
dpopt,a_story_of_a_little_pet_bear,gift_of_the_magi,1000,1000,15286436,3203072
memo,a_story_of_a_little_pet_bear,gift_of_the_magi,1000,1000,641812363,222945280
dp,a_story_of_a_little_pet_bear,gift_of_the_magi,1000,1000,21899108,6262784
dpopt,a_story_of_a_little_pet_bear,gift_of_the_magi,1000,1000,15048271,3203072
memo,a_story_of_a_little_pet_bear,gift_of_the_magi,1000,1000,642489632,222945280
dp,a_story_of_a_little_pet_bear,gift_of_the_magi,1000,1000,21867804,6262784
dpopt,a_story_of_a_little_pet_bear,gift_of_the_magi,1000,1000,15133825,3203072
memo,a_story_of_a_little_pet_bear,gift_of_the_magi,1000,1000,639117655,222941184
dp,a_story_of_a_little_pet_bear,gift_of_the_magi,1000,1000,21820497,6262784
dpopt,a_story_of_a_little_pet_bear,gift_of_the_magi,1000,1000,15150626,3203072
memo,a_story_of_a_little_pet_bear,gift_of_the_magi,1000,1000,647138128,222810112
dp,a_story_of_a_little_pet_bear,gift_of_the_magi,1000,1000,22204152,6262784
dpopt,a_story_of_a_little_pet_bear,gift_of_the_magi,1000,1000,15186713,3203072
memo,a_story_of_a_little_pet_bear,gift_of_the_magi,1000,1000,644149684,222941184
dp,a_story_of_a_little_pet_bear,gift_of_the_magi,1000,1000,22145712,6262784
dpopt,a_story_of_a_little_pet_bear,gift_of_the_magi,1000,1000,15422610,3203072
memo,a_story_of_a_little_pet_bear,invention_of_a_new_religion,1000,1000,658553628,224882688
dp,a_story_of_a_little_pet_bear,invention_of_a_new_religion,1000,1000,22182515,6393856
dpopt,a_story_of_a_little_pet_bear,invention_of_a_new_religion,1000,1000,15180079,3203072
memo,a_story_of_a_little_pet_bear,invention_of_a_new_religion,1000,1000,645174963,224882688
dp,a_story_of_a_little_pet_bear,invention_of_a_new_religion,1000,1000,21793985,6393856
dpopt,a_story_of_a_little_pet_bear,invention_of_a_new_religion,1000,1000,15174182,3203072
memo,a_story_of_a_little_pet_bear,invention_of_a_new_religion,1000,1000,648909678,224882688
dp,a_story_of_a_little_pet_bear,invention_of_a_new_religion,1000,1000,21996930,6393856
dpopt,a_story_of_a_little_pet_bear,invention_of_a_new_religion,1000,1000,15105240,3203072
memo,a_story_of_a_little_pet_bear,invention_of_a_new_religion,1000,1000,646815140,224940032
dp,a_story_of_a_little_pet_bear,invention_of_a_new_religion,1000,1000,22038476,6393856
dpopt,a_story_of_a_little_pet_bear,invention_of_a_new_religion,1000,1000,15181436,3203072
memo,a_story_of_a_little_pet_bear,invention_of_a_new_religion,1000,1000,643491097,224882688
dp,a_story_of_a_little_pet_bear,invention_of_a_new_religion,1000,1000,21980965,6393856
dpopt,a_story_of_a_little_pet_bear,invention_of_a_new_religion,1000,1000,15189101,3203072
memo,a_story_of_a_little_pet_bear,invention_of_a_new_religion,1000,1000,647121905,224882688
dp,a_story_of_a_little_pet_bear,invention_of_a_new_religion,1000,1000,22151851,6393856
dpopt,a_story_of_a_little_pet_bear,invention_of_a_new_religion,1000,1000,15271239,3203072
memo,a_story_of_a_little_pet_bear,invention_of_a_new_religion,1000,1000,644683283,224886784
dp,a_story_of_a_little_pet_bear,invention_of_a_new_religion,1000,1000,21936210,6393856
dpopt,a_story_of_a_little_pet_bear,invention_of_a_new_religion,1000,1000,15159359,3203072
memo,a_story_of_a_little_pet_bear,invention_of_a_new_religion,1000,1000,643277244,224886784
dp,a_story_of_a_little_pet_bear,invention_of_a_new_religion,1000,1000,22296672,6393856
dpopt,a_story_of_a_little_pet_bear,invention_of_a_new_religion,1000,1000,15598299,3203072
memo,a_story_of_a_little_pet_bear,invention_of_a_new_religion,1000,1000,648028607,224886784
dp,a_story_of_a_little_pet_bear,invention_of_a_new_religion,1000,1000,22025570,6393856
dpopt,a_story_of_a_little_pet_bear,invention_of_a_new_religion,1000,1000,15392515,3203072
memo,a_story_of_a_little_pet_bear,invention_of_a_new_religion,1000,1000,646127630,224886784
dp,a_story_of_a_little_pet_bear,invention_of_a_new_religion,1000,1000,21940766,6393856
dpopt,a_story_of_a_little_pet_bear,invention_of_a_new_religion,1000,1000,15081337,3203072
memo,a_story_of_a_little_pet_bear,invention_of_a_new_religion,1000,1000,643930237,224886784
dp,a_story_of_a_little_pet_bear,invention_of_a_new_religion,1000,1000,22090471,6393856
dpopt,a_story_of_a_little_pet_bear,invention_of_a_new_religion,1000,1000,15132041,3203072
memo,a_story_of_a_little_pet_bear,invention_of_a_new_religion,1000,1000,642785763,224886784
dp,a_story_of_a_little_pet_bear,invention_of_a_new_religion,1000,1000,22112745,6393856
dpopt,a_story_of_a_little_pet_bear,invention_of_a_new_religion,1000,1000,15283095,3203072
memo,a_story_of_a_little_pet_bear,invention_of_a_new_religion,1000,1000,644503504,224886784
dp,a_story_of_a_little_pet_bear,invention_of_a_new_religion,1000,1000,21635354,6393856
dpopt,a_story_of_a_little_pet_bear,invention_of_a_new_religion,1000,1000,15289728,3203072
memo,a_story_of_a_little_pet_bear,invention_of_a_new_religion,1000,1000,648797796,224899072
dp,a_story_of_a_little_pet_bear,invention_of_a_new_religion,1000,1000,21742798,6393856
dpopt,a_story_of_a_little_pet_bear,invention_of_a_new_religion,1000,1000,15104212,3203072
memo,a_story_of_a_little_pet_bear,invention_of_a_new_religion,1000,1000,651747997,224907264
dp,a_story_of_a_little_pet_bear,invention_of_a_new_religion,1000,1000,22485736,6393856
dpopt,a_story_of_a_little_pet_bear,invention_of_a_new_religion,1000,1000,16233703,3203072
memo,a_story_of_a_little_pet_bear,invention_of_a_new_religion,1000,1000,649426188,224903168
dp,a_story_of_a_little_pet_bear,invention_of_a_new_religion,1000,1000,22054725,6393856
dpopt,a_story_of_a_little_pet_bear,invention_of_a_new_religion,1000,1000,15405822,3203072
memo,a_story_of_a_little_pet_bear,invention_of_a_new_religion,1000,1000,648476806,224899072
dp,a_story_of_a_little_pet_bear,invention_of_a_new_religion,1000,1000,21994564,6393856
dpopt,a_story_of_a_little_pet_bear,invention_of_a_new_religion,1000,1000,15491025,3203072
memo,a_story_of_a_little_pet_bear,invention_of_a_new_religion,1000,1000,647622124,224903168
dp,a_story_of_a_little_pet_bear,invention_of_a_new_religion,1000,1000,22233667,6393856
dpopt,a_story_of_a_little_pet_bear,invention_of_a_new_religion,1000,1000,15299132,3203072
memo,a_story_of_a_little_pet_bear,invention_of_a_new_religion,1000,1000,645337480,224899072
dp,a_story_of_a_little_pet_bear,invention_of_a_new_religion,1000,1000,22204881,6393856
dpopt,a_story_of_a_little_pet_bear,invention_of_a_new_religion,1000,1000,15380168,3203072
memo,a_story_of_a_little_pet_bear,invention_of_a_new_religion,1000,1000,647387850,224903168
dp,a_story_of_a_little_pet_bear,invention_of_a_new_religion,1000,1000,21998051,6393856
dpopt,a_story_of_a_little_pet_bear,invention_of_a_new_religion,1000,1000,15327484,3203072
memo,a_story_of_a_little_pet_bear,invention_of_a_new_religion,1000,1000,643497567,224903168
dp,a_story_of_a_little_pet_bear,invention_of_a_new_religion,1000,1000,22055513,6393856
dpopt,a_story_of_a_little_pet_bear,invention_of_a_new_religion,1000,1000,15285873,3203072
memo,a_story_of_a_little_pet_bear,invention_of_a_new_religion,1000,1000,645008090,224907264
dp,a_story_of_a_little_pet_bear,invention_of_a_new_religion,1000,1000,21931338,6393856
dpopt,a_story_of_a_little_pet_bear,invention_of_a_new_religion,1000,1000,15348168,3203072
memo,a_story_of_a_little_pet_bear,invention_of_a_new_religion,1000,1000,649455158,224903168
dp,a_story_of_a_little_pet_bear,invention_of_a_new_religion,1000,1000,22009942,6393856
dpopt,a_story_of_a_little_pet_bear,invention_of_a_new_religion,1000,1000,15235447,3203072
memo,a_story_of_a_little_pet_bear,invention_of_a_new_religion,1000,1000,649288561,224911360
dp,a_story_of_a_little_pet_bear,invention_of_a_new_religion,1000,1000,22033351,6393856
dpopt,a_story_of_a_little_pet_bear,invention_of_a_new_religion,1000,1000,15185312,3203072
memo,a_story_of_a_little_pet_bear,invention_of_a_new_religion,1000,1000,648993861,224907264
dp,a_story_of_a_little_pet_bear,invention_of_a_new_religion,1000,1000,21895803,6393856
dpopt,a_story_of_a_little_pet_bear,invention_of_a_new_religion,1000,1000,15126704,3203072
memo,a_story_of_a_little_pet_bear,invention_of_a_new_religion,1000,1000,652261766,224907264
dp,a_story_of_a_little_pet_bear,invention_of_a_new_religion,1000,1000,21999063,6393856
dpopt,a_story_of_a_little_pet_bear,invention_of_a_new_religion,1000,1000,15236739,3203072
memo,a_story_of_a_little_pet_bear,invention_of_a_new_religion,1000,1000,647000287,224907264
dp,a_story_of_a_little_pet_bear,invention_of_a_new_religion,1000,1000,21993320,6393856
dpopt,a_story_of_a_little_pet_bear,invention_of_a_new_religion,1000,1000,15345429,3203072
memo,a_story_of_a_little_pet_bear,invention_of_a_new_religion,1000,1000,647163744,224911360
dp,a_story_of_a_little_pet_bear,invention_of_a_new_religion,1000,1000,21942753,6393856
dpopt,a_story_of_a_little_pet_bear,invention_of_a_new_religion,1000,1000,15331371,3203072
memo,a_story_of_a_little_pet_bear,invention_of_a_new_religion,1000,1000,643543563,224907264
dp,a_story_of_a_little_pet_bear,invention_of_a_new_religion,1000,1000,22406105,6393856
dpopt,a_story_of_a_little_pet_bear,invention_of_a_new_religion,1000,1000,15284542,3203072
memo,a_story_of_a_little_pet_bear,invention_of_a_new_religion,1000,1000,649075528,224907264
dp,a_story_of_a_little_pet_bear,invention_of_a_new_religion,1000,1000,22295606,6393856
dpopt,a_story_of_a_little_pet_bear,invention_of_a_new_religion,1000,1000,15404388,3203072
memo,a_story_of_a_little_pet_bear,raven,1000,1000,637472960,214007808
dp,a_story_of_a_little_pet_bear,raven,1000,1000,21840501,6393856
dpopt,a_story_of_a_little_pet_bear,raven,1000,1000,15094340,3203072
memo,a_story_of_a_little_pet_bear,raven,1000,1000,638584815,214007808
dp,a_story_of_a_little_pet_bear,raven,1000,1000,22074508,6393856
dpopt,a_story_of_a_little_pet_bear,raven,1000,1000,15167745,3203072
memo,a_story_of_a_little_pet_bear,raven,1000,1000,633476918,214011904
dp,a_story_of_a_little_pet_bear,raven,1000,1000,21741167,6393856
dpopt,a_story_of_a_little_pet_bear,raven,1000,1000,15324558,3203072
memo,a_story_of_a_little_pet_bear,raven,1000,1000,637146831,214007808
dp,a_story_of_a_little_pet_bear,raven,1000,1000,21854665,6393856
dpopt,a_story_of_a_little_pet_bear,raven,1000,1000,15035497,3203072
memo,a_story_of_a_little_pet_bear,raven,1000,1000,637443240,214007808
dp,a_story_of_a_little_pet_bear,raven,1000,1000,21805998,6393856
dpopt,a_story_of_a_little_pet_bear,raven,1000,1000,15107647,3203072
memo,a_story_of_a_little_pet_bear,raven,1000,1000,636526380,214007808
dp,a_story_of_a_little_pet_bear,raven,1000,1000,21773141,6393856
dpopt,a_story_of_a_little_pet_bear,raven,1000,1000,15033969,3203072
memo,a_story_of_a_little_pet_bear,raven,1000,1000,634501996,214007808
dp,a_story_of_a_little_pet_bear,raven,1000,1000,21766874,6393856
dpopt,a_story_of_a_little_pet_bear,raven,1000,1000,15051164,3203072
memo,a_story_of_a_little_pet_bear,raven,1000,1000,639446009,214007808
dp,a_story_of_a_little_pet_bear,raven,1000,1000,21809609,6393856
dpopt,a_story_of_a_little_pet_bear,raven,1000,1000,15075259,3203072
memo,a_story_of_a_little_pet_bear,raven,1000,1000,632727947,214003712
dp,a_story_of_a_little_pet_bear,raven,1000,1000,21697060,6393856
dpopt,a_story_of_a_little_pet_bear,raven,1000,1000,15006894,3203072
memo,a_story_of_a_little_pet_bear,raven,1000,1000,639284238,214007808
dp,a_story_of_a_little_pet_bear,raven,1000,1000,21826312,6393856
dpopt,a_story_of_a_little_pet_bear,raven,1000,1000,15168936,3203072
memo,a_story_of_a_little_pet_bear,raven,1000,1000,638851868,214011904
dp,a_story_of_a_little_pet_bear,raven,1000,1000,22034052,6393856
dpopt,a_story_of_a_little_pet_bear,raven,1000,1000,15009808,3203072
memo,a_story_of_a_little_pet_bear,raven,1000,1000,638219708,214007808
dp,a_story_of_a_little_pet_bear,raven,1000,1000,21906392,6393856
dpopt,a_story_of_a_little_pet_bear,raven,1000,1000,15042281,3203072
memo,a_story_of_a_little_pet_bear,raven,1000,1000,636706794,214007808
dp,a_story_of_a_little_pet_bear,raven,1000,1000,21707877,6393856
dpopt,a_story_of_a_little_pet_bear,raven,1000,1000,14993665,3203072
memo,a_story_of_a_little_pet_bear,raven,1000,1000,637599572,214011904
dp,a_story_of_a_little_pet_bear,raven,1000,1000,21592782,6393856
dpopt,a_story_of_a_little_pet_bear,raven,1000,1000,15072436,3203072
memo,a_story_of_a_little_pet_bear,raven,1000,1000,637422829,214011904
dp,a_story_of_a_little_pet_bear,raven,1000,1000,22349909,6393856
dpopt,a_story_of_a_little_pet_bear,raven,1000,1000,15280452,3203072
memo,a_story_of_a_little_pet_bear,raven,1000,1000,638484718,214011904
dp,a_story_of_a_little_pet_bear,raven,1000,1000,22040987,6393856
dpopt,a_story_of_a_little_pet_bear,raven,1000,1000,15634591,3203072
memo,a_story_of_a_little_pet_bear,raven,1000,1000,637133979,214007808
dp,a_story_of_a_little_pet_bear,raven,1000,1000,21757315,6393856
dpopt,a_story_of_a_little_pet_bear,raven,1000,1000,15117787,3203072
memo,a_story_of_a_little_pet_bear,raven,1000,1000,634361568,214007808
dp,a_story_of_a_little_pet_bear,raven,1000,1000,21952696,6393856
dpopt,a_story_of_a_little_pet_bear,raven,1000,1000,15082029,3203072
memo,a_story_of_a_little_pet_bear,raven,1000,1000,638550985,214011904
dp,a_story_of_a_little_pet_bear,raven,1000,1000,21894749,6393856
dpopt,a_story_of_a_little_pet_bear,raven,1000,1000,15058411,3203072
memo,a_story_of_a_little_pet_bear,raven,1000,1000,637013744,214007808
dp,a_story_of_a_little_pet_bear,raven,1000,1000,21840324,6393856
dpopt,a_story_of_a_little_pet_bear,raven,1000,1000,14912882,3203072
memo,a_story_of_a_little_pet_bear,raven,1000,1000,638822863,214007808
dp,a_story_of_a_little_pet_bear,raven,1000,1000,21751346,6393856
dpopt,a_story_of_a_little_pet_bear,raven,1000,1000,15208060,3203072
memo,a_story_of_a_little_pet_bear,raven,1000,1000,634593104,214007808
dp,a_story_of_a_little_pet_bear,raven,1000,1000,22157584,6393856
dpopt,a_story_of_a_little_pet_bear,raven,1000,1000,15589968,3203072
memo,a_story_of_a_little_pet_bear,raven,1000,1000,639256936,214011904
dp,a_story_of_a_little_pet_bear,raven,1000,1000,21916846,6393856
dpopt,a_story_of_a_little_pet_bear,raven,1000,1000,15084904,3203072
memo,a_story_of_a_little_pet_bear,raven,1000,1000,635777213,214011904
dp,a_story_of_a_little_pet_bear,raven,1000,1000,21774723,6393856
dpopt,a_story_of_a_little_pet_bear,raven,1000,1000,15111700,3203072
memo,a_story_of_a_little_pet_bear,raven,1000,1000,634833151,214016000
dp,a_story_of_a_little_pet_bear,raven,1000,1000,22017222,6393856
dpopt,a_story_of_a_little_pet_bear,raven,1000,1000,15044988,3203072
memo,a_story_of_a_little_pet_bear,raven,1000,1000,637297687,214007808
dp,a_story_of_a_little_pet_bear,raven,1000,1000,21784739,6393856
dpopt,a_story_of_a_little_pet_bear,raven,1000,1000,15174007,3203072
memo,a_story_of_a_little_pet_bear,raven,1000,1000,637418804,214040576
dp,a_story_of_a_little_pet_bear,raven,1000,1000,21824593,6397952
dpopt,a_story_of_a_little_pet_bear,raven,1000,1000,14984607,3207168
memo,a_story_of_a_little_pet_bear,raven,1000,1000,636756297,214036480
dp,a_story_of_a_little_pet_bear,raven,1000,1000,22234083,6397952
dpopt,a_story_of_a_little_pet_bear,raven,1000,1000,15624122,3207168
memo,a_story_of_a_little_pet_bear,raven,1000,1000,644561167,214040576
dp,a_story_of_a_little_pet_bear,raven,1000,1000,21877471,6397952
dpopt,a_story_of_a_little_pet_bear,raven,1000,1000,14946328,3207168
memo,a_story_of_a_little_pet_bear,raven,1000,1000,637219176,214032384
dp,a_story_of_a_little_pet_bear,raven,1000,1000,22150767,6397952
dpopt,a_story_of_a_little_pet_bear,raven,1000,1000,15131018,3207168
memo,gift_of_the_magi,a_story_of_a_little_pet_bear,1000,1000,644740567,222846976
dp,gift_of_the_magi,a_story_of_a_little_pet_bear,1000,1000,22529531,6397952
dpopt,gift_of_the_magi,a_story_of_a_little_pet_bear,1000,1000,15123258,3207168
memo,gift_of_the_magi,a_story_of_a_little_pet_bear,1000,1000,638964238,222846976
dp,gift_of_the_magi,a_story_of_a_little_pet_bear,1000,1000,21924644,6397952
dpopt,gift_of_the_magi,a_story_of_a_little_pet_bear,1000,1000,15239699,3207168
memo,gift_of_the_magi,a_story_of_a_little_pet_bear,1000,1000,640623311,222855168
dp,gift_of_the_magi,a_story_of_a_little_pet_bear,1000,1000,22027719,6397952
dpopt,gift_of_the_magi,a_story_of_a_little_pet_bear,1000,1000,15171632,3207168
memo,gift_of_the_magi,a_story_of_a_little_pet_bear,1000,1000,638575399,222851072
dp,gift_of_the_magi,a_story_of_a_little_pet_bear,1000,1000,21818683,6397952
dpopt,gift_of_the_magi,a_story_of_a_little_pet_bear,1000,1000,15223435,3207168
memo,gift_of_the_magi,a_story_of_a_little_pet_bear,1000,1000,641727502,222961664
dp,gift_of_the_magi,a_story_of_a_little_pet_bear,1000,1000,22011181,6397952
dpopt,gift_of_the_magi,a_story_of_a_little_pet_bear,1000,1000,15289942,3207168
memo,gift_of_the_magi,a_story_of_a_little_pet_bear,1000,1000,638067513,222851072
dp,gift_of_the_magi,a_story_of_a_little_pet_bear,1000,1000,21854183,6397952
dpopt,gift_of_the_magi,a_story_of_a_little_pet_bear,1000,1000,15234307,3207168
memo,gift_of_the_magi,a_story_of_a_little_pet_bear,1000,1000,639173554,222846976
dp,gift_of_the_magi,a_story_of_a_little_pet_bear,1000,1000,22196439,6397952
dpopt,gift_of_the_magi,a_story_of_a_little_pet_bear,1000,1000,15087698,3207168
memo,gift_of_the_magi,a_story_of_a_little_pet_bear,1000,1000,641025230,222855168
dp,gift_of_the_magi,a_story_of_a_little_pet_bear,1000,1000,21994360,6397952
dpopt,gift_of_the_magi,a_story_of_a_little_pet_bear,1000,1000,15367028,3207168
memo,gift_of_the_magi,a_story_of_a_little_pet_bear,1000,1000,636904568,222851072
dp,gift_of_the_magi,a_story_of_a_little_pet_bear,1000,1000,22036049,6397952
dpopt,gift_of_the_magi,a_story_of_a_little_pet_bear,1000,1000,15207415,3207168
memo,gift_of_the_magi,a_story_of_a_little_pet_bear,1000,1000,641220236,222928896
dp,gift_of_the_magi,a_story_of_a_little_pet_bear,1000,1000,22015473,6397952
dpopt,gift_of_the_magi,a_story_of_a_little_pet_bear,1000,1000,15138671,3207168
memo,gift_of_the_magi,a_story_of_a_little_pet_bear,1000,1000,642564946,222928896
dp,gift_of_the_magi,a_story_of_a_little_pet_bear,1000,1000,21848194,6397952
dpopt,gift_of_the_magi,a_story_of_a_little_pet_bear,1000,1000,15317365,3207168
memo,gift_of_the_magi,a_story_of_a_little_pet_bear,1000,1000,639736295,222924800
dp,gift_of_the_magi,a_story_of_a_little_pet_bear,1000,1000,21932278,6397952
dpopt,gift_of_the_magi,a_story_of_a_little_pet_bear,1000,1000,15302000,3207168
memo,gift_of_the_magi,a_story_of_a_little_pet_bear,1000,1000,641724967,222851072
dp,gift_of_the_magi,a_story_of_a_little_pet_bear,1000,1000,21670074,6397952
dpopt,gift_of_the_magi,a_story_of_a_little_pet_bear,1000,1000,15086362,3207168
memo,gift_of_the_magi,a_story_of_a_little_pet_bear,1000,1000,640549856,222851072
dp,gift_of_the_magi,a_story_of_a_little_pet_bear,1000,1000,22214751,6397952
dpopt,gift_of_the_magi,a_story_of_a_little_pet_bear,1000,1000,15173612,3207168
memo,gift_of_the_magi,a_story_of_a_little_pet_bear,1000,1000,645087658,222851072
dp,gift_of_the_magi,a_story_of_a_little_pet_bear,1000,1000,21928184,6397952
dpopt,gift_of_the_magi,a_story_of_a_little_pet_bear,1000,1000,15220950,3207168
memo,gift_of_the_magi,a_story_of_a_little_pet_bear,1000,1000,636103295,222859264
dp,gift_of_the_magi,a_story_of_a_little_pet_bear,1000,1000,21999010,6397952
dpopt,gift_of_the_magi,a_story_of_a_little_pet_bear,1000,1000,15135894,3207168
memo,gift_of_the_magi,a_story_of_a_little_pet_bear,1000,1000,636860920,222928896
dp,gift_of_the_magi,a_story_of_a_little_pet_bear,1000,1000,21961971,6397952
dpopt,gift_of_the_magi,a_story_of_a_little_pet_bear,1000,1000,15160935,3207168
memo,gift_of_the_magi,a_story_of_a_little_pet_bear,1000,1000,637061289,222961664
dp,gift_of_the_magi,a_story_of_a_little_pet_bear,1000,1000,22321783,6397952
dpopt,gift_of_the_magi,a_story_of_a_little_pet_bear,1000,1000,15214855,3207168
memo,gift_of_the_magi,a_story_of_a_little_pet_bear,1000,1000,638287702,222859264
dp,gift_of_the_magi,a_story_of_a_little_pet_bear,1000,1000,21957380,6397952
dpopt,gift_of_the_magi,a_story_of_a_little_pet_bear,1000,1000,15123039,3207168
memo,gift_of_the_magi,a_story_of_a_little_pet_bear,1000,1000,643105195,222851072
dp,gift_of_the_magi,a_story_of_a_little_pet_bear,1000,1000,21990133,6397952
dpopt,gift_of_the_magi,a_story_of_a_little_pet_bear,1000,1000,15250075,3207168
memo,gift_of_the_magi,a_story_of_a_little_pet_bear,1000,1000,640284123,222855168
dp,gift_of_the_magi,a_story_of_a_little_pet_bear,1000,1000,21963279,6397952
dpopt,gift_of_the_magi,a_story_of_a_little_pet_bear,1000,1000,15164734,3207168
memo,gift_of_the_magi,a_story_of_a_little_pet_bear,1000,1000,645407788,222855168
dp,gift_of_the_magi,a_story_of_a_little_pet_bear,1000,1000,22271296,6397952
dpopt,gift_of_the_magi,a_story_of_a_little_pet_bear,1000,1000,15210886,3207168
memo,gift_of_the_magi,a_story_of_a_little_pet_bear,1000,1000,645604158,222928896
dp,gift_of_the_magi,a_story_of_a_little_pet_bear,1000,1000,22098311,6397952
dpopt,gift_of_the_magi,a_story_of_a_little_pet_bear,1000,1000,15143377,3207168
memo,gift_of_the_magi,a_story_of_a_little_pet_bear,1000,1000,641695340,222855168
dp,gift_of_the_magi,a_story_of_a_little_pet_bear,1000,1000,21873888,6397952
dpopt,gift_of_the_magi,a_story_of_a_little_pet_bear,1000,1000,15425203,3207168
memo,gift_of_the_magi,a_story_of_a_little_pet_bear,1000,1000,639209418,222932992
dp,gift_of_the_magi,a_story_of_a_little_pet_bear,1000,1000,21881129,6397952
dpopt,gift_of_the_magi,a_story_of_a_little_pet_bear,1000,1000,15361020,3207168
memo,gift_of_the_magi,a_story_of_a_little_pet_bear,1000,1000,639302743,222851072
dp,gift_of_the_magi,a_story_of_a_little_pet_bear,1000,1000,22118546,6397952
dpopt,gift_of_the_magi,a_story_of_a_little_pet_bear,1000,1000,15661545,3207168
memo,gift_of_the_magi,a_story_of_a_little_pet_bear,1000,1000,639692827,222932992
dp,gift_of_the_magi,a_story_of_a_little_pet_bear,1000,1000,22047918,6397952
dpopt,gift_of_the_magi,a_story_of_a_little_pet_bear,1000,1000,15388181,3207168
memo,gift_of_the_magi,a_story_of_a_little_pet_bear,1000,1000,641311000,222932992
dp,gift_of_the_magi,a_story_of_a_little_pet_bear,1000,1000,22093957,6397952
dpopt,gift_of_the_magi,a_story_of_a_little_pet_bear,1000,1000,15348060,3207168
memo,gift_of_the_magi,a_story_of_a_little_pet_bear,1000,1000,641277346,222859264
dp,gift_of_the_magi,a_story_of_a_little_pet_bear,1000,1000,22057307,6397952
dpopt,gift_of_the_magi,a_story_of_a_little_pet_bear,1000,1000,15268419,3207168
memo,gift_of_the_magi,a_story_of_a_little_pet_bear,1000,1000,643883065,222937088
dp,gift_of_the_magi,a_story_of_a_little_pet_bear,1000,1000,22110341,6397952
dpopt,gift_of_the_magi,a_story_of_a_little_pet_bear,1000,1000,15411586,3207168
memo,gift_of_the_magi,invention_of_a_new_religion,1000,1000,656512667,234180608
dp,gift_of_the_magi,invention_of_a_new_religion,1000,1000,22240439,6397952
dpopt,gift_of_the_magi,invention_of_a_new_religion,1000,1000,16058328,3207168
memo,gift_of_the_magi,invention_of_a_new_religion,1000,1000,657022463,234180608
dp,gift_of_the_magi,invention_of_a_new_religion,1000,1000,22174034,6397952
dpopt,gift_of_the_magi,invention_of_a_new_religion,1000,1000,15208471,3207168
memo,gift_of_the_magi,invention_of_a_new_religion,1000,1000,654128465,234201088
dp,gift_of_the_magi,invention_of_a_new_religion,1000,1000,22018449,6397952
dpopt,gift_of_the_magi,invention_of_a_new_religion,1000,1000,15191771,3207168
memo,gift_of_the_magi,invention_of_a_new_religion,1000,1000,658534963,234192896
dp,gift_of_the_magi,invention_of_a_new_religion,1000,1000,22073690,6397952
dpopt,gift_of_the_magi,invention_of_a_new_religion,1000,1000,15190829,3207168
memo,gift_of_the_magi,invention_of_a_new_religion,1000,1000,653364220,234196992
dp,gift_of_the_magi,invention_of_a_new_religion,1000,1000,22006989,6397952
dpopt,gift_of_the_magi,invention_of_a_new_religion,1000,1000,15324815,3207168
memo,gift_of_the_magi,invention_of_a_new_religion,1000,1000,654252434,234180608
dp,gift_of_the_magi,invention_of_a_new_religion,1000,1000,22139593,6397952
dpopt,gift_of_the_magi,invention_of_a_new_religion,1000,1000,15228611,3207168
memo,gift_of_the_magi,invention_of_a_new_religion,1000,1000,654599358,234196992
dp,gift_of_the_magi,invention_of_a_new_religion,1000,1000,21957104,6397952
dpopt,gift_of_the_magi,invention_of_a_new_religion,1000,1000,15202933,3207168
memo,gift_of_the_magi,invention_of_a_new_religion,1000,1000,657200871,234180608
dp,gift_of_the_magi,invention_of_a_new_religion,1000,1000,21872360,6397952
dpopt,gift_of_the_magi,invention_of_a_new_religion,1000,1000,15096261,3207168
memo,gift_of_the_magi,invention_of_a_new_religion,1000,1000,651992092,234184704
dp,gift_of_the_magi,invention_of_a_new_religion,1000,1000,21767394,6397952
dpopt,gift_of_the_magi,invention_of_a_new_religion,1000,1000,15193459,3207168
memo,gift_of_the_magi,invention_of_a_new_religion,1000,1000,655708608,234201088
dp,gift_of_the_magi,invention_of_a_new_religion,1000,1000,21949122,6397952
dpopt,gift_of_the_magi,invention_of_a_new_religion,1000,1000,15244663,3207168
memo,gift_of_the_magi,invention_of_a_new_religion,1000,1000,651054873,234196992
dp,gift_of_the_magi,invention_of_a_new_religion,1000,1000,21782843,6397952
dpopt,gift_of_the_magi,invention_of_a_new_religion,1000,1000,15304960,3207168
memo,gift_of_the_magi,invention_of_a_new_religion,1000,1000,659722814,234192896
dp,gift_of_the_magi,invention_of_a_new_religion,1000,1000,22035632,6397952
dpopt,gift_of_the_magi,invention_of_a_new_religion,1000,1000,16031140,3207168
memo,gift_of_the_magi,invention_of_a_new_religion,1000,1000,656498852,234184704
dp,gift_of_the_magi,invention_of_a_new_religion,1000,1000,22144494,6397952
dpopt,gift_of_the_magi,invention_of_a_new_religion,1000,1000,15180434,3207168
memo,gift_of_the_magi,invention_of_a_new_religion,1000,1000,653199931,234184704
dp,gift_of_the_magi,invention_of_a_new_religion,1000,1000,22153913,6397952
dpopt,gift_of_the_magi,invention_of_a_new_religion,1000,1000,15407885,3207168
memo,gift_of_the_magi,invention_of_a_new_religion,1000,1000,656612094,234192896
dp,gift_of_the_magi,invention_of_a_new_religion,1000,1000,22032321,6397952
dpopt,gift_of_the_magi,invention_of_a_new_religion,1000,1000,15257556,3207168
memo,gift_of_the_magi,invention_of_a_new_religion,1000,1000,653358311,234192896
dp,gift_of_the_magi,invention_of_a_new_religion,1000,1000,21895693,6397952
dpopt,gift_of_the_magi,invention_of_a_new_religion,1000,1000,15235699,3207168
memo,gift_of_the_magi,invention_of_a_new_religion,1000,1000,651006748,234196992
dp,gift_of_the_magi,invention_of_a_new_religion,1000,1000,22286999,6397952
dpopt,gift_of_the_magi,invention_of_a_new_religion,1000,1000,15410071,3207168
memo,gift_of_the_magi,invention_of_a_new_religion,1000,1000,653966317,234205184
dp,gift_of_the_magi,invention_of_a_new_religion,1000,1000,22017916,6397952
dpopt,gift_of_the_magi,invention_of_a_new_religion,1000,1000,15283394,3207168
memo,gift_of_the_magi,invention_of_a_new_religion,1000,1000,655314609,234184704
dp,gift_of_the_magi,invention_of_a_new_religion,1000,1000,22060865,6397952
dpopt,gift_of_the_magi,invention_of_a_new_religion,1000,1000,15328952,3207168
memo,gift_of_the_magi,invention_of_a_new_religion,1000,1000,653951010,234196992
dp,gift_of_the_magi,invention_of_a_new_religion,1000,1000,21844342,6397952
dpopt,gift_of_the_magi,invention_of_a_new_religion,1000,1000,15354579,3207168
memo,gift_of_the_magi,invention_of_a_new_religion,1000,1000,652952002,234205184
dp,gift_of_the_magi,invention_of_a_new_religion,1000,1000,22248857,6397952
dpopt,gift_of_the_magi,invention_of_a_new_religion,1000,1000,15228302,3207168
memo,gift_of_the_magi,invention_of_a_new_religion,1000,1000,650521614,234201088
dp,gift_of_the_magi,invention_of_a_new_religion,1000,1000,21959965,6397952
dpopt,gift_of_the_magi,invention_of_a_new_religion,1000,1000,15162636,3207168
memo,gift_of_the_magi,invention_of_a_new_religion,1000,1000,653505566,234188800
dp,gift_of_the_magi,invention_of_a_new_religion,1000,1000,22214918,6397952
dpopt,gift_of_the_magi,invention_of_a_new_religion,1000,1000,15169112,3207168
memo,gift_of_the_magi,invention_of_a_new_religion,1000,1000,656237189,234205184
dp,gift_of_the_magi,invention_of_a_new_religion,1000,1000,22133561,6397952
dpopt,gift_of_the_magi,invention_of_a_new_religion,1000,1000,15354400,3207168
memo,gift_of_the_magi,invention_of_a_new_religion,1000,1000,653337094,234184704
dp,gift_of_the_magi,invention_of_a_new_religion,1000,1000,21787430,6397952
dpopt,gift_of_the_magi,invention_of_a_new_religion,1000,1000,15086289,3207168
memo,gift_of_the_magi,invention_of_a_new_religion,1000,1000,655594054,234188800
dp,gift_of_the_magi,invention_of_a_new_religion,1000,1000,21982217,6397952
dpopt,gift_of_the_magi,invention_of_a_new_religion,1000,1000,15137194,3207168
memo,gift_of_the_magi,invention_of_a_new_religion,1000,1000,654157073,234201088
dp,gift_of_the_magi,invention_of_a_new_religion,1000,1000,22336503,6397952
dpopt,gift_of_the_magi,invention_of_a_new_religion,1000,1000,15356768,3207168
memo,gift_of_the_magi,invention_of_a_new_religion,1000,1000,651423113,234205184
dp,gift_of_the_magi,invention_of_a_new_religion,1000,1000,21851586,6397952
dpopt,gift_of_the_magi,invention_of_a_new_religion,1000,1000,15689607,3207168
memo,gift_of_the_magi,invention_of_a_new_religion,1000,1000,660205264,234201088
dp,gift_of_the_magi,invention_of_a_new_religion,1000,1000,21993245,6397952
dpopt,gift_of_the_magi,invention_of_a_new_religion,1000,1000,15156750,3207168
memo,gift_of_the_magi,invention_of_a_new_religion,1000,1000,658120007,234196992
dp,gift_of_the_magi,invention_of_a_new_religion,1000,1000,22052297,6397952
dpopt,gift_of_the_magi,invention_of_a_new_religion,1000,1000,15180173,3207168
memo,gift_of_the_magi,raven,1000,1000,632628737,215437312
dp,gift_of_the_magi,raven,1000,1000,21951867,6266880
dpopt,gift_of_the_magi,raven,1000,1000,15029032,3207168
memo,gift_of_the_magi,raven,1000,1000,629739204,215408640
dp,gift_of_the_magi,raven,1000,1000,21821236,6266880
dpopt,gift_of_the_magi,raven,1000,1000,15156708,3207168
memo,gift_of_the_magi,raven,1000,1000,634339902,215408640
dp,gift_of_the_magi,raven,1000,1000,21696630,6266880
dpopt,gift_of_the_magi,raven,1000,1000,15086951,3207168
memo,gift_of_the_magi,raven,1000,1000,633564465,215478272
dp,gift_of_the_magi,raven,1000,1000,21860114,6266880
dpopt,gift_of_the_magi,raven,1000,1000,15299078,3207168
memo,gift_of_the_magi,raven,1000,1000,638428339,215441408
dp,gift_of_the_magi,raven,1000,1000,21642305,6266880
dpopt,gift_of_the_magi,raven,1000,1000,15013417,3207168
memo,gift_of_the_magi,raven,1000,1000,634422162,215437312
dp,gift_of_the_magi,raven,1000,1000,21806809,6266880
dpopt,gift_of_the_magi,raven,1000,1000,15002045,3207168
memo,gift_of_the_magi,raven,1000,1000,632219948,215404544
dp,gift_of_the_magi,raven,1000,1000,22512996,6266880
dpopt,gift_of_the_magi,raven,1000,1000,14964273,3207168
memo,gift_of_the_magi,raven,1000,1000,632634878,215441408
dp,gift_of_the_magi,raven,1000,1000,21828748,6266880
dpopt,gift_of_the_magi,raven,1000,1000,15127093,3207168
memo,gift_of_the_magi,raven,1000,1000,633332751,215445504
dp,gift_of_the_magi,raven,1000,1000,21619007,6270976
dpopt,gift_of_the_magi,raven,1000,1000,14965449,3211264
memo,gift_of_the_magi,raven,1000,1000,635179412,215445504
dp,gift_of_the_magi,raven,1000,1000,22269407,6270976
dpopt,gift_of_the_magi,raven,1000,1000,15835549,3211264
memo,gift_of_the_magi,raven,1000,1000,632313041,215445504
dp,gift_of_the_magi,raven,1000,1000,21915065,6270976
dpopt,gift_of_the_magi,raven,1000,1000,15385857,3211264
memo,gift_of_the_magi,raven,1000,1000,636026753,215408640
dp,gift_of_the_magi,raven,1000,1000,21570005,6270976
dpopt,gift_of_the_magi,raven,1000,1000,15122378,3211264
memo,gift_of_the_magi,raven,1000,1000,635590662,215461888
dp,gift_of_the_magi,raven,1000,1000,22180979,6270976
dpopt,gift_of_the_magi,raven,1000,1000,15154818,3211264
memo,gift_of_the_magi,raven,1000,1000,632469905,215408640
dp,gift_of_the_magi,raven,1000,1000,21649439,6270976
dpopt,gift_of_the_magi,raven,1000,1000,15069620,3211264
memo,gift_of_the_magi,raven,1000,1000,630255124,215445504
dp,gift_of_the_magi,raven,1000,1000,21955381,6270976
dpopt,gift_of_the_magi,raven,1000,1000,15267690,3211264
memo,gift_of_the_magi,raven,1000,1000,635194750,215445504
dp,gift_of_the_magi,raven,1000,1000,21983650,6270976
dpopt,gift_of_the_magi,raven,1000,1000,15341190,3211264
memo,gift_of_the_magi,raven,1000,1000,635482307,215445504
dp,gift_of_the_magi,raven,1000,1000,21788357,6270976
dpopt,gift_of_the_magi,raven,1000,1000,15220475,3211264
memo,gift_of_the_magi,raven,1000,1000,631238294,215445504
dp,gift_of_the_magi,raven,1000,1000,21574785,6270976
dpopt,gift_of_the_magi,raven,1000,1000,15045751,3211264
memo,gift_of_the_magi,raven,1000,1000,635430690,215408640
dp,gift_of_the_magi,raven,1000,1000,22117205,6270976
dpopt,gift_of_the_magi,raven,1000,1000,14987877,3211264
memo,gift_of_the_magi,raven,1000,1000,639591844,215416832
dp,gift_of_the_magi,raven,1000,1000,21588293,6270976
dpopt,gift_of_the_magi,raven,1000,1000,15193580,3211264
memo,gift_of_the_magi,raven,1000,1000,632950522,215445504
dp,gift_of_the_magi,raven,1000,1000,21778754,6270976
dpopt,gift_of_the_magi,raven,1000,1000,15055579,3211264
memo,gift_of_the_magi,raven,1000,1000,634368797,215449600
dp,gift_of_the_magi,raven,1000,1000,22029390,6340608
dpopt,gift_of_the_magi,raven,1000,1000,15080074,3280896
memo,gift_of_the_magi,raven,1000,1000,649392423,215412736
dp,gift_of_the_magi,raven,1000,1000,22261102,6340608
dpopt,gift_of_the_magi,raven,1000,1000,15031840,3280896
memo,gift_of_the_magi,raven,1000,1000,637316469,215412736
dp,gift_of_the_magi,raven,1000,1000,21719585,6340608
dpopt,gift_of_the_magi,raven,1000,1000,15034105,3280896
memo,gift_of_the_magi,raven,1000,1000,643980806,215412736
dp,gift_of_the_magi,raven,1000,1000,21853318,6340608
dpopt,gift_of_the_magi,raven,1000,1000,14856193,3280896
memo,gift_of_the_magi,raven,1000,1000,650592068,215412736
dp,gift_of_the_magi,raven,1000,1000,21997226,6340608
dpopt,gift_of_the_magi,raven,1000,1000,15545171,3280896
memo,gift_of_the_magi,raven,1000,1000,635413303,215449600
dp,gift_of_the_magi,raven,1000,1000,22046395,6340608
dpopt,gift_of_the_magi,raven,1000,1000,14976045,3280896
memo,gift_of_the_magi,raven,1000,1000,630891727,215416832
dp,gift_of_the_magi,raven,1000,1000,21712333,6340608
dpopt,gift_of_the_magi,raven,1000,1000,15056400,3280896
memo,gift_of_the_magi,raven,1000,1000,630972021,215416832
dp,gift_of_the_magi,raven,1000,1000,22276212,6340608
dpopt,gift_of_the_magi,raven,1000,1000,14966007,3280896
memo,gift_of_the_magi,raven,1000,1000,634542637,215453696
dp,gift_of_the_magi,raven,1000,1000,22032914,6340608
dpopt,gift_of_the_magi,raven,1000,1000,15399685,3280896
memo,invention_of_a_new_religion,a_story_of_a_little_pet_bear,1000,1000,647320657,225488896
dp,invention_of_a_new_religion,a_story_of_a_little_pet_bear,1000,1000,21881416,6475776
dpopt,invention_of_a_new_religion,a_story_of_a_little_pet_bear,1000,1000,15266486,3284992
memo,invention_of_a_new_religion,a_story_of_a_little_pet_bear,1000,1000,647985957,225488896
dp,invention_of_a_new_religion,a_story_of_a_little_pet_bear,1000,1000,22062044,6475776
dpopt,invention_of_a_new_religion,a_story_of_a_little_pet_bear,1000,1000,15033848,3284992
memo,invention_of_a_new_religion,a_story_of_a_little_pet_bear,1000,1000,645948105,225484800
dp,invention_of_a_new_religion,a_story_of_a_little_pet_bear,1000,1000,21789813,6475776
dpopt,invention_of_a_new_religion,a_story_of_a_little_pet_bear,1000,1000,15027801,3284992
memo,invention_of_a_new_religion,a_story_of_a_little_pet_bear,1000,1000,644524710,225488896
dp,invention_of_a_new_religion,a_story_of_a_little_pet_bear,1000,1000,21926355,6475776
dpopt,invention_of_a_new_religion,a_story_of_a_little_pet_bear,1000,1000,15251644,3284992
memo,invention_of_a_new_religion,a_story_of_a_little_pet_bear,1000,1000,646358166,225488896
dp,invention_of_a_new_religion,a_story_of_a_little_pet_bear,1000,1000,21995460,6475776
dpopt,invention_of_a_new_religion,a_story_of_a_little_pet_bear,1000,1000,15291821,3284992
memo,invention_of_a_new_religion,a_story_of_a_little_pet_bear,1000,1000,645633569,225484800
dp,invention_of_a_new_religion,a_story_of_a_little_pet_bear,1000,1000,22167833,6475776
dpopt,invention_of_a_new_religion,a_story_of_a_little_pet_bear,1000,1000,15229861,3284992
memo,invention_of_a_new_religion,a_story_of_a_little_pet_bear,1000,1000,642701627,225488896
dp,invention_of_a_new_religion,a_story_of_a_little_pet_bear,1000,1000,21991929,6475776
dpopt,invention_of_a_new_religion,a_story_of_a_little_pet_bear,1000,1000,15210631,3284992
memo,invention_of_a_new_religion,a_story_of_a_little_pet_bear,1000,1000,644532328,225488896
dp,invention_of_a_new_religion,a_story_of_a_little_pet_bear,1000,1000,21830324,6475776
dpopt,invention_of_a_new_religion,a_story_of_a_little_pet_bear,1000,1000,15084484,3284992
memo,invention_of_a_new_religion,a_story_of_a_little_pet_bear,1000,1000,646748399,225488896
dp,invention_of_a_new_religion,a_story_of_a_little_pet_bear,1000,1000,22395756,6475776
dpopt,invention_of_a_new_religion,a_story_of_a_little_pet_bear,1000,1000,15178656,3284992
memo,invention_of_a_new_religion,a_story_of_a_little_pet_bear,1000,1000,646961103,225484800
dp,invention_of_a_new_religion,a_story_of_a_little_pet_bear,1000,1000,22417228,6475776
dpopt,invention_of_a_new_religion,a_story_of_a_little_pet_bear,1000,1000,15284881,3284992
memo,invention_of_a_new_religion,a_story_of_a_little_pet_bear,1000,1000,644583147,225488896
dp,invention_of_a_new_religion,a_story_of_a_little_pet_bear,1000,1000,22173805,6479872
dpopt,invention_of_a_new_religion,a_story_of_a_little_pet_bear,1000,1000,15150266,3289088
memo,invention_of_a_new_religion,a_story_of_a_little_pet_bear,1000,1000,649149461,225492992
dp,invention_of_a_new_religion,a_story_of_a_little_pet_bear,1000,1000,22010154,6479872
dpopt,invention_of_a_new_religion,a_story_of_a_little_pet_bear,1000,1000,15209696,3289088
memo,invention_of_a_new_religion,a_story_of_a_little_pet_bear,1000,1000,646877675,225492992
dp,invention_of_a_new_religion,a_story_of_a_little_pet_bear,1000,1000,22869097,6479872
dpopt,invention_of_a_new_religion,a_story_of_a_little_pet_bear,1000,1000,15965025,3289088
memo,invention_of_a_new_religion,a_story_of_a_little_pet_bear,1000,1000,649036391,225492992
dp,invention_of_a_new_religion,a_story_of_a_little_pet_bear,1000,1000,21981257,6479872
dpopt,invention_of_a_new_religion,a_story_of_a_little_pet_bear,1000,1000,15174801,3289088
memo,invention_of_a_new_religion,a_story_of_a_little_pet_bear,1000,1000,644216555,225497088
dp,invention_of_a_new_religion,a_story_of_a_little_pet_bear,1000,1000,22137941,6479872
dpopt,invention_of_a_new_religion,a_story_of_a_little_pet_bear,1000,1000,15436640,3289088
memo,invention_of_a_new_religion,a_story_of_a_little_pet_bear,1000,1000,646817784,225488896
dp,invention_of_a_new_religion,a_story_of_a_little_pet_bear,1000,1000,21970055,6479872
dpopt,invention_of_a_new_religion,a_story_of_a_little_pet_bear,1000,1000,15465426,3289088
memo,invention_of_a_new_religion,a_story_of_a_little_pet_bear,1000,1000,645387357,225501184
dp,invention_of_a_new_religion,a_story_of_a_little_pet_bear,1000,1000,22212603,6479872
dpopt,invention_of_a_new_religion,a_story_of_a_little_pet_bear,1000,1000,15848773,3289088
memo,invention_of_a_new_religion,a_story_of_a_little_pet_bear,1000,1000,646765827,225492992
dp,invention_of_a_new_religion,a_story_of_a_little_pet_bear,1000,1000,22067182,6479872
dpopt,invention_of_a_new_religion,a_story_of_a_little_pet_bear,1000,1000,15258494,3289088
memo,invention_of_a_new_religion,a_story_of_a_little_pet_bear,1000,1000,650521053,225497088
dp,invention_of_a_new_religion,a_story_of_a_little_pet_bear,1000,1000,21809324,6479872
dpopt,invention_of_a_new_religion,a_story_of_a_little_pet_bear,1000,1000,15358511,3289088
memo,invention_of_a_new_religion,a_story_of_a_little_pet_bear,1000,1000,645297805,225492992
dp,invention_of_a_new_religion,a_story_of_a_little_pet_bear,1000,1000,21947719,6479872
dpopt,invention_of_a_new_religion,a_story_of_a_little_pet_bear,1000,1000,15246031,3289088
memo,invention_of_a_new_religion,a_story_of_a_little_pet_bear,1000,1000,649249499,225492992
dp,invention_of_a_new_religion,a_story_of_a_little_pet_bear,1000,1000,21988737,6479872
dpopt,invention_of_a_new_religion,a_story_of_a_little_pet_bear,1000,1000,15408940,3289088
memo,invention_of_a_new_religion,a_story_of_a_little_pet_bear,1000,1000,647056904,225501184
dp,invention_of_a_new_religion,a_story_of_a_little_pet_bear,1000,1000,22311885,6483968
dpopt,invention_of_a_new_religion,a_story_of_a_little_pet_bear,1000,1000,16168318,3293184
memo,invention_of_a_new_religion,a_story_of_a_little_pet_bear,1000,1000,649685399,225501184
dp,invention_of_a_new_religion,a_story_of_a_little_pet_bear,1000,1000,22032231,6483968
dpopt,invention_of_a_new_religion,a_story_of_a_little_pet_bear,1000,1000,15423242,3293184
memo,invention_of_a_new_religion,a_story_of_a_little_pet_bear,1000,1000,643863531,225501184
dp,invention_of_a_new_religion,a_story_of_a_little_pet_bear,1000,1000,22007092,6483968
dpopt,invention_of_a_new_religion,a_story_of_a_little_pet_bear,1000,1000,15224408,3293184
memo,invention_of_a_new_religion,a_story_of_a_little_pet_bear,1000,1000,657991338,225497088
dp,invention_of_a_new_religion,a_story_of_a_little_pet_bear,1000,1000,21728892,6483968
dpopt,invention_of_a_new_religion,a_story_of_a_little_pet_bear,1000,1000,15308857,3293184
memo,invention_of_a_new_religion,a_story_of_a_little_pet_bear,1000,1000,649293028,225505280
dp,invention_of_a_new_religion,a_story_of_a_little_pet_bear,1000,1000,22051171,6483968
dpopt,invention_of_a_new_religion,a_story_of_a_little_pet_bear,1000,1000,15151834,3293184
memo,invention_of_a_new_religion,a_story_of_a_little_pet_bear,1000,1000,645636283,225501184
dp,invention_of_a_new_religion,a_story_of_a_little_pet_bear,1000,1000,21992932,6483968
dpopt,invention_of_a_new_religion,a_story_of_a_little_pet_bear,1000,1000,15179648,3293184
memo,invention_of_a_new_religion,a_story_of_a_little_pet_bear,1000,1000,658873292,225505280
dp,invention_of_a_new_religion,a_story_of_a_little_pet_bear,1000,1000,22651578,6483968
dpopt,invention_of_a_new_religion,a_story_of_a_little_pet_bear,1000,1000,16061027,3293184
memo,invention_of_a_new_religion,a_story_of_a_little_pet_bear,1000,1000,646982688,225501184
dp,invention_of_a_new_religion,a_story_of_a_little_pet_bear,1000,1000,22132016,6483968
dpopt,invention_of_a_new_religion,a_story_of_a_little_pet_bear,1000,1000,15192609,3293184
memo,invention_of_a_new_religion,a_story_of_a_little_pet_bear,1000,1000,649194333,225497088
dp,invention_of_a_new_religion,a_story_of_a_little_pet_bear,1000,1000,22075432,6483968
dpopt,invention_of_a_new_religion,a_story_of_a_little_pet_bear,1000,1000,15166585,3293184
memo,invention_of_a_new_religion,gift_of_the_magi,1000,1000,667015214,234942464
dp,invention_of_a_new_religion,gift_of_the_magi,1000,1000,21928153,6352896
dpopt,invention_of_a_new_religion,gift_of_the_magi,1000,1000,15435458,3293184
memo,invention_of_a_new_religion,gift_of_the_magi,1000,1000,662053693,235003904
dp,invention_of_a_new_religion,gift_of_the_magi,1000,1000,22137532,6352896
dpopt,invention_of_a_new_religion,gift_of_the_magi,1000,1000,15138857,3293184
memo,invention_of_a_new_religion,gift_of_the_magi,1000,1000,653834697,235012096
dp,invention_of_a_new_religion,gift_of_the_magi,1000,1000,22346064,6356992
dpopt,invention_of_a_new_religion,gift_of_the_magi,1000,1000,15435723,3297280
memo,invention_of_a_new_religion,gift_of_the_magi,1000,1000,662089554,235016192
dp,invention_of_a_new_religion,gift_of_the_magi,1000,1000,21795434,6356992
dpopt,invention_of_a_new_religion,gift_of_the_magi,1000,1000,15997305,3297280
memo,invention_of_a_new_religion,gift_of_the_magi,1000,1000,665179701,235012096
dp,invention_of_a_new_religion,gift_of_the_magi,1000,1000,22031338,6356992
dpopt,invention_of_a_new_religion,gift_of_the_magi,1000,1000,15199921,3297280
memo,invention_of_a_new_religion,gift_of_the_magi,1000,1000,657198390,235012096
dp,invention_of_a_new_religion,gift_of_the_magi,1000,1000,21901756,6356992
dpopt,invention_of_a_new_religion,gift_of_the_magi,1000,1000,15229603,3297280
memo,invention_of_a_new_religion,gift_of_the_magi,1000,1000,658009643,235020288
dp,invention_of_a_new_religion,gift_of_the_magi,1000,1000,21720985,6356992
dpopt,invention_of_a_new_religion,gift_of_the_magi,1000,1000,15352611,3297280
memo,invention_of_a_new_religion,gift_of_the_magi,1000,1000,663279873,235024384
dp,invention_of_a_new_religion,gift_of_the_magi,1000,1000,21996513,6356992
dpopt,invention_of_a_new_religion,gift_of_the_magi,1000,1000,15176839,3297280
memo,invention_of_a_new_religion,gift_of_the_magi,1000,1000,656815606,235024384
dp,invention_of_a_new_religion,gift_of_the_magi,1000,1000,21981711,6356992
dpopt,invention_of_a_new_religion,gift_of_the_magi,1000,1000,15254631,3297280
memo,invention_of_a_new_religion,gift_of_the_magi,1000,1000,659679843,235008000
dp,invention_of_a_new_religion,gift_of_the_magi,1000,1000,22079608,6356992
dpopt,invention_of_a_new_religion,gift_of_the_magi,1000,1000,15143261,3297280
memo,invention_of_a_new_religion,gift_of_the_magi,1000,1000,656354917,235016192
dp,invention_of_a_new_religion,gift_of_the_magi,1000,1000,21748097,6356992
dpopt,invention_of_a_new_religion,gift_of_the_magi,1000,1000,15242233,3297280
memo,invention_of_a_new_religion,gift_of_the_magi,1000,1000,658052376,235020288
dp,invention_of_a_new_religion,gift_of_the_magi,1000,1000,21843871,6356992
dpopt,invention_of_a_new_religion,gift_of_the_magi,1000,1000,15382500,3297280
memo,invention_of_a_new_religion,gift_of_the_magi,1000,1000,653598244,235028480
dp,invention_of_a_new_religion,gift_of_the_magi,1000,1000,22246197,6361088
dpopt,invention_of_a_new_religion,gift_of_the_magi,1000,1000,15238209,3301376
memo,invention_of_a_new_religion,gift_of_the_magi,1000,1000,654307677,235028480
dp,invention_of_a_new_religion,gift_of_the_magi,1000,1000,22071514,6361088
dpopt,invention_of_a_new_religion,gift_of_the_magi,1000,1000,15239971,3301376
memo,invention_of_a_new_religion,gift_of_the_magi,1000,1000,659518947,235020288
dp,invention_of_a_new_religion,gift_of_the_magi,1000,1000,22534814,6361088
dpopt,invention_of_a_new_religion,gift_of_the_magi,1000,1000,16067511,3301376
memo,invention_of_a_new_religion,gift_of_the_magi,1000,1000,657227242,235024384
dp,invention_of_a_new_religion,gift_of_the_magi,1000,1000,21981827,6361088
dpopt,invention_of_a_new_religion,gift_of_the_magi,1000,1000,15484811,3301376
memo,invention_of_a_new_religion,gift_of_the_magi,1000,1000,655709594,235016192
dp,invention_of_a_new_religion,gift_of_the_magi,1000,1000,21760172,6361088
dpopt,invention_of_a_new_religion,gift_of_the_magi,1000,1000,15281852,3301376
memo,invention_of_a_new_religion,gift_of_the_magi,1000,1000,656461876,235016192
dp,invention_of_a_new_religion,gift_of_the_magi,1000,1000,21996286,6361088
dpopt,invention_of_a_new_religion,gift_of_the_magi,1000,1000,16000414,3301376
memo,invention_of_a_new_religion,gift_of_the_magi,1000,1000,657479803,235024384
dp,invention_of_a_new_religion,gift_of_the_magi,1000,1000,21853514,6361088
dpopt,invention_of_a_new_religion,gift_of_the_magi,1000,1000,15187899,3301376
memo,invention_of_a_new_religion,gift_of_the_magi,1000,1000,656665052,235012096
dp,invention_of_a_new_religion,gift_of_the_magi,1000,1000,22579442,6361088
dpopt,invention_of_a_new_religion,gift_of_the_magi,1000,1000,15362764,3301376
memo,invention_of_a_new_religion,gift_of_the_magi,1000,1000,658044318,235024384
dp,invention_of_a_new_religion,gift_of_the_magi,1000,1000,21671896,6361088
dpopt,invention_of_a_new_religion,gift_of_the_magi,1000,1000,15053510,3301376
memo,invention_of_a_new_religion,gift_of_the_magi,1000,1000,657688063,235020288
dp,invention_of_a_new_religion,gift_of_the_magi,1000,1000,21954100,6361088
dpopt,invention_of_a_new_religion,gift_of_the_magi,1000,1000,15770119,3301376
memo,invention_of_a_new_religion,gift_of_the_magi,1000,1000,658708079,235024384
dp,invention_of_a_new_religion,gift_of_the_magi,1000,1000,21962128,6361088
dpopt,invention_of_a_new_religion,gift_of_the_magi,1000,1000,15887257,3301376
memo,invention_of_a_new_religion,gift_of_the_magi,1000,1000,661600788,235032576
dp,invention_of_a_new_religion,gift_of_the_magi,1000,1000,21525920,6365184
dpopt,invention_of_a_new_religion,gift_of_the_magi,1000,1000,15251776,3305472
memo,invention_of_a_new_religion,gift_of_the_magi,1000,1000,658118963,235032576
dp,invention_of_a_new_religion,gift_of_the_magi,1000,1000,21873698,6365184
dpopt,invention_of_a_new_religion,gift_of_the_magi,1000,1000,15464617,3305472
memo,invention_of_a_new_religion,gift_of_the_magi,1000,1000,658921717,235024384
dp,invention_of_a_new_religion,gift_of_the_magi,1000,1000,22106346,6365184
dpopt,invention_of_a_new_religion,gift_of_the_magi,1000,1000,15750352,3305472
memo,invention_of_a_new_religion,gift_of_the_magi,1000,1000,657746955,235032576
dp,invention_of_a_new_religion,gift_of_the_magi,1000,1000,22183312,6365184
dpopt,invention_of_a_new_religion,gift_of_the_magi,1000,1000,16053329,3305472
memo,invention_of_a_new_religion,gift_of_the_magi,1000,1000,657596855,235024384
dp,invention_of_a_new_religion,gift_of_the_magi,1000,1000,22054898,6365184
dpopt,invention_of_a_new_religion,gift_of_the_magi,1000,1000,15174050,3305472
memo,invention_of_a_new_religion,gift_of_the_magi,1000,1000,655710316,235028480
dp,invention_of_a_new_religion,gift_of_the_magi,1000,1000,21887090,6365184
dpopt,invention_of_a_new_religion,gift_of_the_magi,1000,1000,15879188,3305472
memo,invention_of_a_new_religion,gift_of_the_magi,1000,1000,658282115,235028480
dp,invention_of_a_new_religion,gift_of_the_magi,1000,1000,23430474,6365184
dpopt,invention_of_a_new_religion,gift_of_the_magi,1000,1000,16078669,3305472
memo,invention_of_a_new_religion,raven,1000,1000,664794582,220880896
dp,invention_of_a_new_religion,raven,1000,1000,21789666,6365184
dpopt,invention_of_a_new_religion,raven,1000,1000,15387861,3305472
memo,invention_of_a_new_religion,raven,1000,1000,651463729,220839936
dp,invention_of_a_new_religion,raven,1000,1000,21853772,6365184
dpopt,invention_of_a_new_religion,raven,1000,1000,15426897,3305472
memo,invention_of_a_new_religion,raven,1000,1000,645580040,220860416
dp,invention_of_a_new_religion,raven,1000,1000,22192166,6365184
dpopt,invention_of_a_new_religion,raven,1000,1000,15516663,3305472
memo,invention_of_a_new_religion,raven,1000,1000,651794474,220860416
dp,invention_of_a_new_religion,raven,1000,1000,21742833,6365184
dpopt,invention_of_a_new_religion,raven,1000,1000,15263713,3305472
memo,invention_of_a_new_religion,raven,1000,1000,646080080,220864512
dp,invention_of_a_new_religion,raven,1000,1000,21656215,6369280
dpopt,invention_of_a_new_religion,raven,1000,1000,15440303,3309568
memo,invention_of_a_new_religion,raven,1000,1000,646170350,220864512
dp,invention_of_a_new_religion,raven,1000,1000,21620448,6369280
dpopt,invention_of_a_new_religion,raven,1000,1000,15418989,3309568
memo,invention_of_a_new_religion,raven,1000,1000,651603691,220864512
dp,invention_of_a_new_religion,raven,1000,1000,22080122,6369280
dpopt,invention_of_a_new_religion,raven,1000,1000,15716051,3309568
memo,invention_of_a_new_religion,raven,1000,1000,647214234,220864512
dp,invention_of_a_new_religion,raven,1000,1000,21885226,6369280
dpopt,invention_of_a_new_religion,raven,1000,1000,15634077,3309568
memo,invention_of_a_new_religion,raven,1000,1000,650975895,220844032
dp,invention_of_a_new_religion,raven,1000,1000,21692068,6369280
dpopt,invention_of_a_new_religion,raven,1000,1000,15670122,3309568
memo,invention_of_a_new_religion,raven,1000,1000,651133025,220864512
dp,invention_of_a_new_religion,raven,1000,1000,21885563,6369280
dpopt,invention_of_a_new_religion,raven,1000,1000,15734266,3309568
memo,invention_of_a_new_religion,raven,1000,1000,647266495,220893184
dp,invention_of_a_new_religion,raven,1000,1000,21886890,6369280
dpopt,invention_of_a_new_religion,raven,1000,1000,15496486,3309568
memo,invention_of_a_new_religion,raven,1000,1000,644378105,220864512
dp,invention_of_a_new_religion,raven,1000,1000,22358802,6369280
dpopt,invention_of_a_new_religion,raven,1000,1000,16158076,3309568
memo,invention_of_a_new_religion,raven,1000,1000,648127204,220864512
dp,invention_of_a_new_religion,raven,1000,1000,21812539,6369280
dpopt,invention_of_a_new_religion,raven,1000,1000,15822403,3309568
memo,invention_of_a_new_religion,raven,1000,1000,646501896,220889088
dp,invention_of_a_new_religion,raven,1000,1000,21721500,6369280
dpopt,invention_of_a_new_religion,raven,1000,1000,14988041,3309568
memo,invention_of_a_new_religion,raven,1000,1000,645263270,220852224
dp,invention_of_a_new_religion,raven,1000,1000,22196883,6373376
dpopt,invention_of_a_new_religion,raven,1000,1000,15872373,3313664
memo,invention_of_a_new_religion,raven,1000,1000,654633336,220864512
dp,invention_of_a_new_religion,raven,1000,1000,26026765,6504448
dpopt,invention_of_a_new_religion,raven,1000,1000,15214941,3313664
memo,invention_of_a_new_religion,raven,1000,1000,648865012,220901376
dp,invention_of_a_new_religion,raven,1000,1000,22097386,6373376
dpopt,invention_of_a_new_religion,raven,1000,1000,15104333,3313664
memo,invention_of_a_new_religion,raven,1000,1000,645016264,220868608
dp,invention_of_a_new_religion,raven,1000,1000,22231247,6373376
dpopt,invention_of_a_new_religion,raven,1000,1000,15983664,3313664
memo,invention_of_a_new_religion,raven,1000,1000,649758413,220901376
dp,invention_of_a_new_religion,raven,1000,1000,21678370,6373376
dpopt,invention_of_a_new_religion,raven,1000,1000,16090969,3313664
memo,invention_of_a_new_religion,raven,1000,1000,646196948,220868608
dp,invention_of_a_new_religion,raven,1000,1000,21800386,6373376
dpopt,invention_of_a_new_religion,raven,1000,1000,15136359,3313664
memo,invention_of_a_new_religion,raven,1000,1000,643301488,220901376
dp,invention_of_a_new_religion,raven,1000,1000,22185800,6373376
dpopt,invention_of_a_new_religion,raven,1000,1000,15376412,3313664
memo,invention_of_a_new_religion,raven,1000,1000,659196575,220897280
dp,invention_of_a_new_religion,raven,1000,1000,22291730,6373376
dpopt,invention_of_a_new_religion,raven,1000,1000,15854607,3313664
memo,invention_of_a_new_religion,raven,1000,1000,646199412,220856320
dp,invention_of_a_new_religion,raven,1000,1000,21801394,6373376
dpopt,invention_of_a_new_religion,raven,1000,1000,15429747,3313664
memo,invention_of_a_new_religion,raven,1000,1000,643086741,220901376
dp,invention_of_a_new_religion,raven,1000,1000,22242532,6373376
dpopt,invention_of_a_new_religion,raven,1000,1000,15486487,3313664
memo,invention_of_a_new_religion,raven,1000,1000,657503559,220901376
dp,invention_of_a_new_religion,raven,1000,1000,21988158,6373376
dpopt,invention_of_a_new_religion,raven,1000,1000,15812237,3313664
memo,invention_of_a_new_religion,raven,1000,1000,644843188,220905472
dp,invention_of_a_new_religion,raven,1000,1000,21938659,6377472
dpopt,invention_of_a_new_religion,raven,1000,1000,15903696,3317760
memo,invention_of_a_new_religion,raven,1000,1000,647785119,220897280
dp,invention_of_a_new_religion,raven,1000,1000,21902594,6377472
dpopt,invention_of_a_new_religion,raven,1000,1000,15571611,3317760
memo,invention_of_a_new_religion,raven,1000,1000,651997432,220905472
dp,invention_of_a_new_religion,raven,1000,1000,22384994,6377472
dpopt,invention_of_a_new_religion,raven,1000,1000,15821775,3317760
memo,invention_of_a_new_religion,raven,1000,1000,647192033,220901376
dp,invention_of_a_new_religion,raven,1000,1000,22063113,6377472
dpopt,invention_of_a_new_religion,raven,1000,1000,14991889,3317760
memo,invention_of_a_new_religion,raven,1000,1000,646977954,220860416
dp,invention_of_a_new_religion,raven,1000,1000,22394800,6377472
dpopt,invention_of_a_new_religion,raven,1000,1000,15947811,3317760
memo,raven,a_story_of_a_little_pet_bear,1000,1000,650700532,214028288
dp,raven,a_story_of_a_little_pet_bear,1000,1000,22616643,6508544
dpopt,raven,a_story_of_a_little_pet_bear,1000,1000,15870573,3317760
memo,raven,a_story_of_a_little_pet_bear,1000,1000,647002608,214028288
dp,raven,a_story_of_a_little_pet_bear,1000,1000,23124168,6508544
dpopt,raven,a_story_of_a_little_pet_bear,1000,1000,16324612,3317760
memo,raven,a_story_of_a_little_pet_bear,1000,1000,637984430,214028288
dp,raven,a_story_of_a_little_pet_bear,1000,1000,22247037,6508544
dpopt,raven,a_story_of_a_little_pet_bear,1000,1000,15934794,3317760
memo,raven,a_story_of_a_little_pet_bear,1000,1000,639558336,214036480
dp,raven,a_story_of_a_little_pet_bear,1000,1000,21994784,6508544
dpopt,raven,a_story_of_a_little_pet_bear,1000,1000,15375101,3317760
memo,raven,a_story_of_a_little_pet_bear,1000,1000,642946360,214028288
dp,raven,a_story_of_a_little_pet_bear,1000,1000,21967813,6508544
dpopt,raven,a_story_of_a_little_pet_bear,1000,1000,15749718,3317760
memo,raven,a_story_of_a_little_pet_bear,1000,1000,640969867,214032384
dp,raven,a_story_of_a_little_pet_bear,1000,1000,21942519,6508544
dpopt,raven,a_story_of_a_little_pet_bear,1000,1000,15158945,3317760
memo,raven,a_story_of_a_little_pet_bear,1000,1000,643437236,214028288
dp,raven,a_story_of_a_little_pet_bear,1000,1000,21936954,6512640
dpopt,raven,a_story_of_a_little_pet_bear,1000,1000,15396639,3321856
memo,raven,a_story_of_a_little_pet_bear,1000,1000,644905961,214036480
dp,raven,a_story_of_a_little_pet_bear,1000,1000,22101063,6516736
dpopt,raven,a_story_of_a_little_pet_bear,1000,1000,15212879,3325952
memo,raven,a_story_of_a_little_pet_bear,1000,1000,640488055,214036480
dp,raven,a_story_of_a_little_pet_bear,1000,1000,22069432,6516736
dpopt,raven,a_story_of_a_little_pet_bear,1000,1000,15390615,3325952
memo,raven,a_story_of_a_little_pet_bear,1000,1000,640386360,214036480
dp,raven,a_story_of_a_little_pet_bear,1000,1000,22334812,6516736
dpopt,raven,a_story_of_a_little_pet_bear,1000,1000,15381569,3325952
memo,raven,a_story_of_a_little_pet_bear,1000,1000,643415183,214036480
dp,raven,a_story_of_a_little_pet_bear,1000,1000,21863598,6516736
dpopt,raven,a_story_of_a_little_pet_bear,1000,1000,15214377,3325952
memo,raven,a_story_of_a_little_pet_bear,1000,1000,643124217,214036480
dp,raven,a_story_of_a_little_pet_bear,1000,1000,22626811,6516736
dpopt,raven,a_story_of_a_little_pet_bear,1000,1000,16033107,3325952
memo,raven,a_story_of_a_little_pet_bear,1000,1000,642771110,214036480
dp,raven,a_story_of_a_little_pet_bear,1000,1000,22120034,6516736
dpopt,raven,a_story_of_a_little_pet_bear,1000,1000,16072999,3325952
memo,raven,a_story_of_a_little_pet_bear,1000,1000,641755307,214032384
dp,raven,a_story_of_a_little_pet_bear,1000,1000,22088702,6516736
dpopt,raven,a_story_of_a_little_pet_bear,1000,1000,15910249,3325952
memo,raven,a_story_of_a_little_pet_bear,1000,1000,639666607,214036480
dp,raven,a_story_of_a_little_pet_bear,1000,1000,22025889,6516736
dpopt,raven,a_story_of_a_little_pet_bear,1000,1000,15530367,3325952
memo,raven,a_story_of_a_little_pet_bear,1000,1000,639373377,214036480
dp,raven,a_story_of_a_little_pet_bear,1000,1000,22054113,6516736
dpopt,raven,a_story_of_a_little_pet_bear,1000,1000,15198806,3325952
memo,raven,a_story_of_a_little_pet_bear,1000,1000,647823392,214036480
dp,raven,a_story_of_a_little_pet_bear,1000,1000,21977335,6520832
dpopt,raven,a_story_of_a_little_pet_bear,1000,1000,15263632,3330048
memo,raven,a_story_of_a_little_pet_bear,1000,1000,643509354,214036480
dp,raven,a_story_of_a_little_pet_bear,1000,1000,21750766,6520832
dpopt,raven,a_story_of_a_little_pet_bear,1000,1000,15311352,3330048
memo,raven,a_story_of_a_little_pet_bear,1000,1000,643018601,214044672
dp,raven,a_story_of_a_little_pet_bear,1000,1000,22027885,6520832
dpopt,raven,a_story_of_a_little_pet_bear,1000,1000,15321395,3330048
memo,raven,a_story_of_a_little_pet_bear,1000,1000,643920187,214044672
dp,raven,a_story_of_a_little_pet_bear,1000,1000,22590328,6520832
dpopt,raven,a_story_of_a_little_pet_bear,1000,1000,15077113,3330048
memo,raven,a_story_of_a_little_pet_bear,1000,1000,640175879,214044672
dp,raven,a_story_of_a_little_pet_bear,1000,1000,22001407,6520832
dpopt,raven,a_story_of_a_little_pet_bear,1000,1000,15308773,3330048
memo,raven,a_story_of_a_little_pet_bear,1000,1000,640888461,214044672
dp,raven,a_story_of_a_little_pet_bear,1000,1000,22060809,6520832
dpopt,raven,a_story_of_a_little_pet_bear,1000,1000,15247336,3330048
memo,raven,a_story_of_a_little_pet_bear,1000,1000,640011843,214040576
dp,raven,a_story_of_a_little_pet_bear,1000,1000,21494315,6520832
dpopt,raven,a_story_of_a_little_pet_bear,1000,1000,15007802,3330048
memo,raven,a_story_of_a_little_pet_bear,1000,1000,646502531,214040576
dp,raven,a_story_of_a_little_pet_bear,1000,1000,21966739,6520832
dpopt,raven,a_story_of_a_little_pet_bear,1000,1000,15076808,3330048
memo,raven,a_story_of_a_little_pet_bear,1000,1000,643615403,214044672
dp,raven,a_story_of_a_little_pet_bear,1000,1000,22045994,6520832
dpopt,raven,a_story_of_a_little_pet_bear,1000,1000,15756104,3330048
memo,raven,a_story_of_a_little_pet_bear,1000,1000,642122743,214040576
dp,raven,a_story_of_a_little_pet_bear,1000,1000,22213139,6520832
dpopt,raven,a_story_of_a_little_pet_bear,1000,1000,15167033,3330048
memo,raven,a_story_of_a_little_pet_bear,1000,1000,639170278,214040576
dp,raven,a_story_of_a_little_pet_bear,1000,1000,22160103,6520832
dpopt,raven,a_story_of_a_little_pet_bear,1000,1000,16349256,3330048
memo,raven,a_story_of_a_little_pet_bear,1000,1000,639065598,214040576
dp,raven,a_story_of_a_little_pet_bear,1000,1000,21757017,6524928
dpopt,raven,a_story_of_a_little_pet_bear,1000,1000,15137814,3334144
memo,raven,a_story_of_a_little_pet_bear,1000,1000,642450005,214044672
dp,raven,a_story_of_a_little_pet_bear,1000,1000,21889122,6524928
dpopt,raven,a_story_of_a_little_pet_bear,1000,1000,15165485,3334144
memo,raven,a_story_of_a_little_pet_bear,1000,1000,638956355,214044672
dp,raven,a_story_of_a_little_pet_bear,1000,1000,22260025,6524928
dpopt,raven,a_story_of_a_little_pet_bear,1000,1000,15027561,3334144
memo,raven,gift_of_the_magi,1000,1000,638642760,216010752
dp,raven,gift_of_the_magi,1000,1000,22071256,6393856
dpopt,raven,gift_of_the_magi,1000,1000,15321284,3334144
memo,raven,gift_of_the_magi,1000,1000,637427404,215654400
dp,raven,gift_of_the_magi,1000,1000,21679043,6393856
dpopt,raven,gift_of_the_magi,1000,1000,15123209,3334144
memo,raven,gift_of_the_magi,1000,1000,634273887,216010752
dp,raven,gift_of_the_magi,1000,1000,21985190,6393856
dpopt,raven,gift_of_the_magi,1000,1000,15098871,3334144
memo,raven,gift_of_the_magi,1000,1000,634789563,216018944
dp,raven,gift_of_the_magi,1000,1000,22070247,6393856
dpopt,raven,gift_of_the_magi,1000,1000,15075977,3334144
memo,raven,gift_of_the_magi,1000,1000,635201335,216023040
dp,raven,gift_of_the_magi,1000,1000,21920031,6393856
dpopt,raven,gift_of_the_magi,1000,1000,15126033,3334144
memo,raven,gift_of_the_magi,1000,1000,637885749,216027136
dp,raven,gift_of_the_magi,1000,1000,22560892,6393856
dpopt,raven,gift_of_the_magi,1000,1000,15182074,3334144
memo,raven,gift_of_the_magi,1000,1000,633159963,215592960
dp,raven,gift_of_the_magi,1000,1000,22219932,6393856
dpopt,raven,gift_of_the_magi,1000,1000,15111362,3334144
memo,raven,gift_of_the_magi,1000,1000,636696078,215592960
dp,raven,gift_of_the_magi,1000,1000,21881395,6393856
dpopt,raven,gift_of_the_magi,1000,1000,15192721,3334144
memo,raven,gift_of_the_magi,1000,1000,636576336,216018944
dp,raven,gift_of_the_magi,1000,1000,21807153,6397952
dpopt,raven,gift_of_the_magi,1000,1000,15074861,3338240
memo,raven,gift_of_the_magi,1000,1000,634484238,215560192
dp,raven,gift_of_the_magi,1000,1000,21953780,6397952
dpopt,raven,gift_of_the_magi,1000,1000,15139856,3338240
memo,raven,gift_of_the_magi,1000,1000,636045922,216018944
dp,raven,gift_of_the_magi,1000,1000,22150575,6397952
dpopt,raven,gift_of_the_magi,1000,1000,15357546,3338240
memo,raven,gift_of_the_magi,1000,1000,637661238,216018944
dp,raven,gift_of_the_magi,1000,1000,22140159,6397952
dpopt,raven,gift_of_the_magi,1000,1000,15070779,3338240
memo,raven,gift_of_the_magi,1000,1000,636263374,216023040
dp,raven,gift_of_the_magi,1000,1000,22007705,6397952
dpopt,raven,gift_of_the_magi,1000,1000,15421604,3338240
memo,raven,gift_of_the_magi,1000,1000,637518225,216035328
dp,raven,gift_of_the_magi,1000,1000,21998484,6397952
dpopt,raven,gift_of_the_magi,1000,1000,15211185,3338240
memo,raven,gift_of_the_magi,1000,1000,645528504,215584768
dp,raven,gift_of_the_magi,1000,1000,21940822,6397952
dpopt,raven,gift_of_the_magi,1000,1000,15196451,3338240
memo,raven,gift_of_the_magi,1000,1000,637501081,215584768
dp,raven,gift_of_the_magi,1000,1000,21972916,6397952
dpopt,raven,gift_of_the_magi,1000,1000,15187406,3338240
memo,raven,gift_of_the_magi,1000,1000,637031869,215584768
dp,raven,gift_of_the_magi,1000,1000,21752848,6397952
dpopt,raven,gift_of_the_magi,1000,1000,15040210,3338240
memo,raven,gift_of_the_magi,1000,1000,640737578,216027136
dp,raven,gift_of_the_magi,1000,1000,22076048,6397952
dpopt,raven,gift_of_the_magi,1000,1000,15136835,3338240
memo,raven,gift_of_the_magi,1000,1000,638598121,216031232
dp,raven,gift_of_the_magi,1000,1000,21897782,6402048
dpopt,raven,gift_of_the_magi,1000,1000,15378897,3342336
memo,raven,gift_of_the_magi,1000,1000,635016435,216023040
dp,raven,gift_of_the_magi,1000,1000,21841254,6402048
dpopt,raven,gift_of_the_magi,1000,1000,15232221,3342336
memo,raven,gift_of_the_magi,1000,1000,645306885,216031232
dp,raven,gift_of_the_magi,1000,1000,22099240,6402048
dpopt,raven,gift_of_the_magi,1000,1000,15120034,3342336
memo,raven,gift_of_the_magi,1000,1000,638291865,216031232
dp,raven,gift_of_the_magi,1000,1000,22053843,6402048
dpopt,raven,gift_of_the_magi,1000,1000,15347983,3342336
memo,raven,gift_of_the_magi,1000,1000,633187410,216031232
dp,raven,gift_of_the_magi,1000,1000,21757935,6402048
dpopt,raven,gift_of_the_magi,1000,1000,14930210,3342336
memo,raven,gift_of_the_magi,1000,1000,648718249,216027136
dp,raven,gift_of_the_magi,1000,1000,21826157,6402048
dpopt,raven,gift_of_the_magi,1000,1000,15186585,3342336
memo,raven,gift_of_the_magi,1000,1000,640554022,216043520
dp,raven,gift_of_the_magi,1000,1000,21945056,6402048
dpopt,raven,gift_of_the_magi,1000,1000,15137477,3342336
memo,raven,gift_of_the_magi,1000,1000,630957103,215613440
dp,raven,gift_of_the_magi,1000,1000,22145594,6402048
dpopt,raven,gift_of_the_magi,1000,1000,15485873,3342336
memo,raven,gift_of_the_magi,1000,1000,642304922,215613440
dp,raven,gift_of_the_magi,1000,1000,22109316,6402048
dpopt,raven,gift_of_the_magi,1000,1000,15150718,3342336
memo,raven,gift_of_the_magi,1000,1000,640425514,215613440
dp,raven,gift_of_the_magi,1000,1000,21933357,6402048
dpopt,raven,gift_of_the_magi,1000,1000,15218080,3342336
memo,raven,gift_of_the_magi,1000,1000,632174934,215597056
dp,raven,gift_of_the_magi,1000,1000,21963794,6402048
dpopt,raven,gift_of_the_magi,1000,1000,15161486,3342336
memo,raven,gift_of_the_magi,1000,1000,640537775,216035328
dp,raven,gift_of_the_magi,1000,1000,21816728,6406144
dpopt,raven,gift_of_the_magi,1000,1000,15172568,3346432
memo,raven,invention_of_a_new_religion,1000,1000,652801392,220135424
dp,raven,invention_of_a_new_religion,1000,1000,21997402,6406144
dpopt,raven,invention_of_a_new_religion,1000,1000,15244393,3346432
memo,raven,invention_of_a_new_religion,1000,1000,649512254,220110848
dp,raven,invention_of_a_new_religion,1000,1000,21859660,6406144
dpopt,raven,invention_of_a_new_religion,1000,1000,15156083,3346432
memo,raven,invention_of_a_new_religion,1000,1000,642127071,219934720
dp,raven,invention_of_a_new_religion,1000,1000,22019588,6406144
dpopt,raven,invention_of_a_new_religion,1000,1000,15583704,3346432
memo,raven,invention_of_a_new_religion,1000,1000,648646250,219938816
dp,raven,invention_of_a_new_religion,1000,1000,22018153,6406144
dpopt,raven,invention_of_a_new_religion,1000,1000,15190866,3346432
memo,raven,invention_of_a_new_religion,1000,1000,650657002,220102656
dp,raven,invention_of_a_new_religion,1000,1000,22255691,6406144
dpopt,raven,invention_of_a_new_religion,1000,1000,15315630,3346432
memo,raven,invention_of_a_new_religion,1000,1000,648595466,219996160
dp,raven,invention_of_a_new_religion,1000,1000,23654946,6406144
dpopt,raven,invention_of_a_new_religion,1000,1000,16285515,3346432
memo,raven,invention_of_a_new_religion,1000,1000,649273500,220135424
dp,raven,invention_of_a_new_religion,1000,1000,21508598,6406144
dpopt,raven,invention_of_a_new_religion,1000,1000,15130150,3346432
memo,raven,invention_of_a_new_religion,1000,1000,647946998,220131328
dp,raven,invention_of_a_new_religion,1000,1000,22009613,6406144
dpopt,raven,invention_of_a_new_religion,1000,1000,15087962,3346432
memo,raven,invention_of_a_new_religion,1000,1000,649754149,219914240
dp,raven,invention_of_a_new_religion,1000,1000,21743368,6406144
dpopt,raven,invention_of_a_new_religion,1000,1000,15074456,3346432
memo,raven,invention_of_a_new_religion,1000,1000,653195068,220135424
dp,raven,invention_of_a_new_religion,1000,1000,21957419,6406144
dpopt,raven,invention_of_a_new_religion,1000,1000,15166595,3346432
memo,raven,invention_of_a_new_religion,1000,1000,650485724,220135424
dp,raven,invention_of_a_new_religion,1000,1000,22154016,6406144
dpopt,raven,invention_of_a_new_religion,1000,1000,15052534,3346432
memo,raven,invention_of_a_new_religion,1000,1000,644982690,219951104
dp,raven,invention_of_a_new_religion,1000,1000,21645376,6406144
dpopt,raven,invention_of_a_new_religion,1000,1000,15364431,3346432
memo,raven,invention_of_a_new_religion,1000,1000,644943789,220135424
dp,raven,invention_of_a_new_religion,1000,1000,21928888,6393856
dpopt,raven,invention_of_a_new_religion,1000,1000,15245193,3465216
memo,raven,invention_of_a_new_religion,1000,1000,643171720,219889664
dp,raven,invention_of_a_new_religion,1000,1000,21922363,6393856
dpopt,raven,invention_of_a_new_religion,1000,1000,15203902,3465216
memo,raven,invention_of_a_new_religion,1000,1000,649390876,219889664
dp,raven,invention_of_a_new_religion,1000,1000,21804081,6393856
dpopt,raven,invention_of_a_new_religion,1000,1000,15219680,3465216
memo,raven,invention_of_a_new_religion,1000,1000,643697696,220102656
dp,raven,invention_of_a_new_religion,1000,1000,22562638,6393856
dpopt,raven,invention_of_a_new_religion,1000,1000,15221615,3465216
memo,raven,invention_of_a_new_religion,1000,1000,655372623,220106752
dp,raven,invention_of_a_new_religion,1000,1000,22004794,6393856
dpopt,raven,invention_of_a_new_religion,1000,1000,15208852,3465216
memo,raven,invention_of_a_new_religion,1000,1000,645835629,220135424
dp,raven,invention_of_a_new_religion,1000,1000,22006209,6393856
dpopt,raven,invention_of_a_new_religion,1000,1000,15138013,3465216
memo,raven,invention_of_a_new_religion,1000,1000,648637784,220102656
dp,raven,invention_of_a_new_religion,1000,1000,21745945,6393856
dpopt,raven,invention_of_a_new_religion,1000,1000,15184043,3465216
memo,raven,invention_of_a_new_religion,1000,1000,647075434,220098560
dp,raven,invention_of_a_new_religion,1000,1000,21685284,6393856
dpopt,raven,invention_of_a_new_religion,1000,1000,15232900,3465216
memo,raven,invention_of_a_new_religion,1000,1000,649873938,220135424
dp,raven,invention_of_a_new_religion,1000,1000,23871324,6393856
dpopt,raven,invention_of_a_new_religion,1000,1000,15907599,3465216
memo,raven,invention_of_a_new_religion,1000,1000,646723345,220135424
dp,raven,invention_of_a_new_religion,1000,1000,22045819,6393856
dpopt,raven,invention_of_a_new_religion,1000,1000,15322432,3465216
memo,raven,invention_of_a_new_religion,1000,1000,650998478,220106752
dp,raven,invention_of_a_new_religion,1000,1000,21995096,6397952
dpopt,raven,invention_of_a_new_religion,1000,1000,16154133,3469312
memo,raven,invention_of_a_new_religion,1000,1000,656041814,220110848
dp,raven,invention_of_a_new_religion,1000,1000,21963462,6397952
dpopt,raven,invention_of_a_new_religion,1000,1000,15252053,3469312
memo,raven,invention_of_a_new_religion,1000,1000,649127021,219865088
dp,raven,invention_of_a_new_religion,1000,1000,21641389,6397952
dpopt,raven,invention_of_a_new_religion,1000,1000,15025713,3469312
memo,raven,invention_of_a_new_religion,1000,1000,670763373,219881472
dp,raven,invention_of_a_new_religion,1000,1000,22005939,6397952
dpopt,raven,invention_of_a_new_religion,1000,1000,15192485,3469312
memo,raven,invention_of_a_new_religion,1000,1000,653712049,219885568
dp,raven,invention_of_a_new_religion,1000,1000,21961185,6397952
dpopt,raven,invention_of_a_new_religion,1000,1000,15118385,3469312
memo,raven,invention_of_a_new_religion,1000,1000,648432311,219885568
dp,raven,invention_of_a_new_religion,1000,1000,21716695,6397952
dpopt,raven,invention_of_a_new_religion,1000,1000,15023781,3469312
memo,raven,invention_of_a_new_religion,1000,1000,649155057,219893760
dp,raven,invention_of_a_new_religion,1000,1000,21954372,6397952
dpopt,raven,invention_of_a_new_religion,1000,1000,15240011,3469312
memo,raven,invention_of_a_new_religion,1000,1000,655094272,220106752
dp,raven,invention_of_a_new_religion,1000,1000,22075558,6397952
dpopt,raven,invention_of_a_new_religion,1000,1000,15815041,3469312
